"Year","Week","Date","Budget_Category","Budget_Item","Amount","Amount_YTD","Amount_Adj","Amount_YTD_Adj"
2016,1,2016-01-08,"Taxes","Customs Duties and Related Taxes",0.405,0.405,0.529565186436161,0.529565186436161
2016,2,2016-01-15,"Taxes","Customs Duties and Related Taxes",0.4,0.805,0.523027344628307,1.05259253106447
2016,3,2016-01-22,"Taxes","Customs Duties and Related Taxes",0.361,1.166,0.472032178527047,1.52462470959152
2016,4,2016-01-29,"Taxes","Customs Duties and Related Taxes",2.689,3.855,3.5160513242638,5.04067603385531
2016,5,2016-02-05,"Taxes","Customs Duties and Related Taxes",0.41,4.265,0.536103028244015,5.57677906209933
2016,6,2016-02-12,"Taxes","Customs Duties and Related Taxes",0.367,4.632,0.479877588696472,6.0566566507958
2016,7,2016-02-19,"Taxes","Customs Duties and Related Taxes",0.317,4.949,0.414499170617934,6.47115582141373
2016,8,2016-02-26,"Taxes","Customs Duties and Related Taxes",2.312,7.261,3.02309805195162,9.49425387336535
2016,9,2016-03-04,"Taxes","Customs Duties and Related Taxes",0.432,7.693,0.564869532198572,10.0591234055639
2016,10,2016-03-11,"Taxes","Customs Duties and Related Taxes",0.346,8.039,0.452418653103486,10.5115420586674
2016,11,2016-03-18,"Taxes","Customs Duties and Related Taxes",0.413,8.452,0.540025733328727,11.0515677919961
2016,12,2016-03-25,"Taxes","Customs Duties and Related Taxes",2.304,10.756,3.01263750505905,14.0642052970552
2016,13,2016-04-01,"Taxes","Customs Duties and Related Taxes",0.358,11.114,0.468109473442335,14.5323147704975
2016,14,2016-04-08,"Taxes","Customs Duties and Related Taxes",0.284,11.398,0.371349414686098,14.9036641851836
2016,15,2016-04-15,"Taxes","Customs Duties and Related Taxes",0.379,11.777,0.495568409035321,15.3992325942189
2016,16,2016-04-22,"Taxes","Customs Duties and Related Taxes",2.069,13.846,2.70535894008992,18.1045915343089
2016,17,2016-04-29,"Taxes","Customs Duties and Related Taxes",0.723,14.569,0.945371925415665,19.0499634597245
2016,18,2016-05-06,"Taxes","Customs Duties and Related Taxes",0.413,14.982,0.540025733328727,19.5899891930532
2016,19,2016-05-13,"Taxes","Customs Duties and Related Taxes",0.396,15.378,0.517797071182024,20.1077862642353
2016,20,2016-05-20,"Taxes","Customs Duties and Related Taxes",0.364,15.742,0.47595488361176,20.583741147847
2016,21,2016-05-27,"Taxes","Customs Duties and Related Taxes",2.171,17.913,2.83873091297014,23.4224720608172
2016,22,2016-06-03,"Taxes","Customs Duties and Related Taxes",0.285,18.198,0.372656983047669,23.7951290438648
2016,23,2016-06-10,"Taxes","Customs Duties and Related Taxes",0.375,18.573,0.490338135589038,24.2854671794539
2016,24,2016-06-17,"Taxes","Customs Duties and Related Taxes",0.473,19.046,0.618479835022973,24.9039470144769
2016,25,2016-06-24,"Taxes","Customs Duties and Related Taxes",2.254,21.3,2.94725908698051,27.8512061014574
2016,26,2016-07-01,"Taxes","Customs Duties and Related Taxes",0.435,21.735,0.568792237283284,28.4199983387406
2016,27,2016-07-08,"Taxes","Customs Duties and Related Taxes",0.284,22.019,0.371349414686098,28.7913477534267
2016,28,2016-07-15,"Taxes","Customs Duties and Related Taxes",0.431,22.45,0.563561963837001,29.3549097172637
2016,29,2016-07-22,"Taxes","Customs Duties and Related Taxes",0.426,22.876,0.557024122029147,29.9119338392929
2016,30,2016-07-29,"Taxes","Customs Duties and Related Taxes",2.816,25.692,3.68211250618328,33.5940463454762
2016,31,2016-08-05,"Taxes","Customs Duties and Related Taxes",0.39,26.082,0.5099516610126,34.1039980064888
2016,32,2016-08-12,"Taxes","Customs Duties and Related Taxes",0.408,26.49,0.533487891520874,34.6374858980097
2016,33,2016-08-19,"Taxes","Customs Duties and Related Taxes",0.382,26.872,0.499491114120033,35.1369770121297
2016,34,2016-08-26,"Taxes","Customs Duties and Related Taxes",2.469,29.341,3.22838628471823,38.3653632968479
2016,35,2016-09-02,"Taxes","Customs Duties and Related Taxes",0.397,29.738,0.519104639543595,38.8844679363915
2016,36,2016-09-09,"Taxes","Customs Duties and Related Taxes",0.27,30.008,0.353043457624107,39.2375113940156
2016,37,2016-09-16,"Taxes","Customs Duties and Related Taxes",0.41,30.418,0.536103028244015,39.7736144222596
2016,38,2016-09-23,"Taxes","Customs Duties and Related Taxes",2.8,33.218,3.66119141239815,43.4348058346578
2016,39,2016-09-30,"Taxes","Customs Duties and Related Taxes",0.462,33.68,0.604096583045695,44.0389024177035
2016,40,2016-10-07,"Taxes","Customs Duties and Related Taxes",0.361,34.041,0.472032178527047,44.5109345962305
2016,41,2016-10-14,"Taxes","Customs Duties and Related Taxes",0.302,34.343,0.394885645194372,44.9058202414249
2016,42,2016-10-21,"Taxes","Customs Duties and Related Taxes",0.428,34.771,0.559639258752289,45.4654595001772
2016,43,2016-10-28,"Taxes","Customs Duties and Related Taxes",2.609,37.38,3.41144585533813,48.8769053555153
2016,44,2016-11-04,"Taxes","Customs Duties and Related Taxes",0.465,37.845,0.608019288130407,49.4849246436457
2016,45,2016-11-10,"Taxes","Customs Duties and Related Taxes",0.25,38.095,0.326892090392692,49.8118167340384
2016,46,2016-11-18,"Taxes","Customs Duties and Related Taxes",0.433,38.528,0.566177100560143,50.3779938345986
2016,47,2016-11-25,"Taxes","Customs Duties and Related Taxes",2.459,40.987,3.21531060110252,53.5933044357011
2016,48,2016-12-02,"Taxes","Customs Duties and Related Taxes",0.445,41.432,0.581867920898992,54.1751723566001
2016,49,2016-12-09,"Taxes","Customs Duties and Related Taxes",0.363,41.795,0.474647315250189,54.6498196718503
2016,50,2016-12-16,"Taxes","Customs Duties and Related Taxes",0.44,42.235,0.575330079091138,55.2251497509414
2016,51,2016-12-23,"Taxes","Customs Duties and Related Taxes",2.295,44.53,3.00086938980491,58.2260191407463
2016,52,2016-12-30,"Taxes","Customs Duties and Related Taxes",0.339,44.869,0.44326567457249,58.6692848153188
2017,1,2017-01-06,"Taxes","Customs Duties and Related Taxes",0.271,0.271,0.348207122661225,0.348207122661225
2017,2,2017-01-13,"Taxes","Customs Duties and Related Taxes",0.451,0.722,0.579488606347648,0.927695729008873
2017,3,2017-01-20,"Taxes","Customs Duties and Related Taxes",0.329,1.051,0.422731156293517,1.35042688530239
2017,4,2017-01-27,"Taxes","Customs Duties and Related Taxes",2.472,3.523,3.17626570929354,4.52669259459593
2017,5,2017-02-03,"Taxes","Customs Duties and Related Taxes",0.67,4.193,0.860881078166129,5.38757367276206
2017,6,2017-02-10,"Taxes","Customs Duties and Related Taxes",0.324,4.517,0.416306670635561,5.80388034339762
2017,7,2017-02-17,"Taxes","Customs Duties and Related Taxes",0.418,4.935,0.537087001005137,6.34096734440276
2017,8,2017-02-24,"Taxes","Customs Duties and Related Taxes",2.365,7.3,3.03878171621328,9.37974906061603
2017,9,2017-03-03,"Taxes","Customs Duties and Related Taxes",0.39,7.69,0.501109881320583,9.88085894193662
2017,10,2017-03-10,"Taxes","Customs Duties and Related Taxes",0.358,8.048,0.459993173109663,10.3408521150463
2017,11,2017-03-17,"Taxes","Customs Duties and Related Taxes",0.356,8.404,0.45742337884648,10.7982754938928
2017,12,2017-03-24,"Taxes","Customs Duties and Related Taxes",2.085,10.489,2.67901051936773,13.4772860132605
2017,13,2017-03-31,"Taxes","Customs Duties and Related Taxes",0.351,10.84,0.450998893188524,13.928284906449
2017,14,2017-04-07,"Taxes","Customs Duties and Related Taxes",0.302,11.142,0.388038933740554,14.3163238401896
2017,15,2017-04-14,"Taxes","Customs Duties and Related Taxes",0.381,11.523,0.489545807136261,14.8058696473258
2017,16,2017-04-21,"Taxes","Customs Duties and Related Taxes",0.376,11.899,0.483121321478305,15.2889909688041
2017,17,2017-04-28,"Taxes","Customs Duties and Related Taxes",2.592,14.491,3.33045336508449,18.6194443338886
2017,18,2017-05-05,"Taxes","Customs Duties and Related Taxes",0.429,14.92,0.551220869452641,19.1706652033413
2017,19,2017-05-12,"Taxes","Customs Duties and Related Taxes",0.377,15.297,0.484406218609896,19.6550714219512
2017,20,2017-05-19,"Taxes","Customs Duties and Related Taxes",0.365,15.662,0.468987453030802,20.124058874982
2017,21,2017-05-26,"Taxes","Customs Duties and Related Taxes",2.275,17.937,2.92314097437006,23.047199849352
2017,22,2017-06-02,"Taxes","Customs Duties and Related Taxes",0.27,18.207,0.346922225529634,23.3941220748817
2017,23,2017-06-09,"Taxes","Customs Duties and Related Taxes",0.333,18.54,0.427870744819882,23.8219928197015
2017,24,2017-06-16,"Taxes","Customs Duties and Related Taxes",0.451,18.991,0.579488606347648,24.4014814260492
2017,25,2017-06-23,"Taxes","Customs Duties and Related Taxes",2.39,21.381,3.07090414450306,27.4723855705522
2017,26,2017-06-30,"Taxes","Customs Duties and Related Taxes",0.432,21.813,0.555075560847414,28.0274611313997
2017,27,2017-07-07,"Taxes","Customs Duties and Related Taxes",0.258,22.071,0.331503459950539,28.3589645913502
2017,28,2017-07-14,"Taxes","Customs Duties and Related Taxes",0.432,22.503,0.555075560847414,28.9140401521976
2017,29,2017-07-21,"Taxes","Customs Duties and Related Taxes",0.465,22.968,0.597477166189925,29.5115173183875
2017,30,2017-07-28,"Taxes","Customs Duties and Related Taxes",2.71,25.678,3.48207122661225,32.9935885449998
2017,31,2017-08-04,"Taxes","Customs Duties and Related Taxes",0.634,26.312,0.814624781428844,33.8082133264286
2017,32,2017-08-11,"Taxes","Customs Duties and Related Taxes",0.362,26.674,0.465132761636028,34.2733460880647
2017,33,2017-08-18,"Taxes","Customs Duties and Related Taxes",0.455,27.129,0.584628194874013,34.8579742829387
2017,34,2017-08-25,"Taxes","Customs Duties and Related Taxes",2.691,29.82,3.45765818111202,38.3156324640507
2017,35,2017-09-01,"Taxes","Customs Duties and Related Taxes",0.404,30.224,0.51909844116286,38.8347309052136
2017,36,2017-09-08,"Taxes","Customs Duties and Related Taxes",0.277,30.501,0.355916505450773,39.1906474106643
2017,37,2017-09-15,"Taxes","Customs Duties and Related Taxes",0.422,30.923,0.542226589531502,39.7328740001958
2017,38,2017-09-22,"Taxes","Customs Duties and Related Taxes",0.605,31.528,0.777362764612698,40.5102367648085
2017,39,2017-09-29,"Taxes","Customs Duties and Related Taxes",2.854,34.382,3.66709641356139,44.1773331783699
2017,40,2017-10-06,"Taxes","Customs Duties and Related Taxes",0.34,34.722,0.436865024741021,44.6141982031109
2017,41,2017-10-13,"Taxes","Customs Duties and Related Taxes",0.318,35.04,0.408597287846013,45.022795490957
2017,42,2017-10-20,"Taxes","Customs Duties and Related Taxes",0.43,35.47,0.552505766584232,45.5753012575412
2017,43,2017-10-27,"Taxes","Customs Duties and Related Taxes",2.746,38.216,3.52832752334954,49.1036287808907
2017,44,2017-11-03,"Taxes","Customs Duties and Related Taxes",0.461,38.677,0.59233757766356,49.6959663585543
2017,45,2017-11-10,"Taxes","Customs Duties and Related Taxes",0.334,39.011,0.429155641951473,50.1251220005058
2017,46,2017-11-17,"Taxes","Customs Duties and Related Taxes",0.365,39.376,0.468987453030802,50.5941094535366
2017,47,2017-11-24,"Taxes","Customs Duties and Related Taxes",2.673,42.049,3.43453003274338,54.0286394862799
2017,48,2017-12-01,"Taxes","Customs Duties and Related Taxes",0.445,42.494,0.571779223558101,54.600418709838
2017,49,2017-12-08,"Taxes","Customs Duties and Related Taxes",0.385,42.879,0.494685395662626,55.0951041055007
2017,50,2017-12-15,"Taxes","Customs Duties and Related Taxes",0.433,43.312,0.556360457979006,55.6514645634797
2017,51,2017-12-22,"Taxes","Customs Duties and Related Taxes",2.577,45.889,3.31117990811062,58.9626444715903
2017,52,2017-12-29,"Taxes","Customs Duties and Related Taxes",0.385,46.274,0.494685395662626,59.4573298672529
2018,1,2018-12-31,"Taxes","Customs Duties and Related Taxes",0.421,0.421,0.530239830908641,0.530239830908641
2018,2,2018-01-12,"Taxes","Customs Duties and Related Taxes",0.417,0.838,0.525201922776493,1.05544175368513
2018,3,2018-01-19,"Taxes","Customs Duties and Related Taxes",0.318,1.156,0.400513696505815,1.45595545019095
2018,4,2018-01-26,"Taxes","Customs Duties and Related Taxes",2.455,3.611,3.09201611610621,4.54797156629716
2018,5,2018-02-02,"Taxes","Customs Duties and Related Taxes",0.846,4.457,1.06551756994943,5.61348913624659
2018,6,2018-02-09,"Taxes","Customs Duties and Related Taxes",0.352,4.809,0.443335915629078,6.05682505187567
2018,7,2018-02-16,"Taxes","Customs Duties and Related Taxes",0.421,5.23,0.530239830908641,6.58706488278431
2018,8,2018-02-23,"Taxes","Customs Duties and Related Taxes",2.608,7.838,3.28471610216089,9.8717809849452
2018,9,2018-03-02,"Taxes","Customs Duties and Related Taxes",0.426,8.264,0.536537216073827,10.408318201019
2018,10,2018-03-09,"Taxes","Customs Duties and Related Taxes",0.423,8.687,0.532758784974716,10.9410769859937
2018,11,2018-03-16,"Taxes","Customs Duties and Related Taxes",0.423,9.11,0.532758784974716,11.4738357709685
2018,12,2018-03-23,"Taxes","Customs Duties and Related Taxes",2.539,11.649,3.19781218688133,14.6716479578498
2018,13,2018-03-30,"Taxes","Customs Duties and Related Taxes",0.383,12.032,0.482379703653229,15.154027661503
2018,14,2018-04-06,"Taxes","Customs Duties and Related Taxes",0.324,12.356,0.408070558704037,15.5620982202071
2018,15,2018-04-13,"Taxes","Customs Duties and Related Taxes",0.43,12.786,0.541575124205976,16.103673344413
2018,16,2018-04-20,"Taxes","Customs Duties and Related Taxes",0.467,13.253,0.58817577442835,16.6918491188414
2018,17,2018-04-27,"Taxes","Customs Duties and Related Taxes",2.719,15.972,3.42451805282802,20.1163671716694
2018,18,2018-05-04,"Taxes","Customs Duties and Related Taxes",0.698,16.67,0.879114969059932,20.9954821407293
2018,19,2018-05-11,"Taxes","Customs Duties and Related Taxes",0.388,17.058,0.488677088818415,21.4841592295477
2018,20,2018-05-18,"Taxes","Customs Duties and Related Taxes",0.476,17.534,0.599511067725685,22.0836702972734
2018,21,2018-05-25,"Taxes","Customs Duties and Related Taxes",2.642,20.176,3.32753832128416,25.4112086185576
2018,22,2018-06-01,"Taxes","Customs Duties and Related Taxes",0.381,20.557,0.479860749587155,25.8910693681447
2018,23,2018-06-08,"Taxes","Customs Duties and Related Taxes",0.383,20.94,0.482379703653229,26.373449071798
2018,24,2018-06-15,"Taxes","Customs Duties and Related Taxes",0.51,21.45,0.642333286848948,27.0157823586469
2018,25,2018-06-22,"Taxes","Customs Duties and Related Taxes",2.867,24.317,3.61092065371752,30.6267030123644
2018,26,2018-06-29,"Taxes","Customs Duties and Related Taxes",0.511,24.828,0.643592763881985,31.2702957762464
2018,27,2018-07-06,"Taxes","Customs Duties and Related Taxes",0.357,25.185,0.449633300794263,31.7199290770407
2018,28,2018-07-13,"Taxes","Customs Duties and Related Taxes",0.522,25.707,0.657447011245394,32.3773760882861
2018,29,2018-07-20,"Taxes","Customs Duties and Related Taxes",0.561,26.268,0.706566615533842,33.0839427038199
2018,30,2018-07-27,"Taxes","Customs Duties and Related Taxes",3.215,29.483,4.04921866121445,37.1331613650344
2018,31,2018-08-03,"Taxes","Customs Duties and Related Taxes",0.828,30.311,1.04284698335476,38.1760083483891
2018,32,2018-08-10,"Taxes","Customs Duties and Related Taxes",0.589,30.9,0.741831972458883,38.917840320848
2018,33,2018-08-17,"Taxes","Customs Duties and Related Taxes",0.605,31.505,0.761983604987477,39.6798239258355
2018,34,2018-08-24,"Taxes","Customs Duties and Related Taxes",3.611,35.116,4.54797156629716,44.2277954921326
2018,35,2018-08-31,"Taxes","Customs Duties and Related Taxes",0.535,35.651,0.673820212674877,44.9016157048075
2018,36,2018-09-07,"Taxes","Customs Duties and Related Taxes",0.359,36.01,0.452152254860338,45.3537679596679
2018,37,2018-09-14,"Taxes","Customs Duties and Related Taxes",0.588,36.598,0.740572495425846,46.0943404550937
2018,38,2018-09-21,"Taxes","Customs Duties and Related Taxes",0.748,37.346,0.94208882071179,47.0364292758055
2018,39,2018-09-28,"Taxes","Customs Duties and Related Taxes",3.888,41.234,4.89684670444845,51.933275980254
2018,40,2018-10-05,"Taxes","Customs Duties and Related Taxes",0.497,41.731,0.625960085419465,52.5592360656734
2018,41,2018-10-12,"Taxes","Customs Duties and Related Taxes",0.478,42.209,0.602030021791759,53.1612660874652
2018,42,2018-10-19,"Taxes","Customs Duties and Related Taxes",0.721,42.93,0.908082940819787,54.069349028285
2018,43,2018-10-26,"Taxes","Customs Duties and Related Taxes",4.184,47.114,5.26965190622745,59.3390009345124
2018,44,2018-11-02,"Taxes","Customs Duties and Related Taxes",0.888,48.002,1.11841560533699,60.4574165398494
2018,45,2018-11-09,"Taxes","Customs Duties and Related Taxes",0.625,48.627,0.78717314564822,61.2445896854976
2018,46,2018-11-16,"Taxes","Customs Duties and Related Taxes",0.588,49.215,0.740572495425846,61.9851621809235
2018,47,2018-11-23,"Taxes","Customs Duties and Related Taxes",0.65,49.865,0.818660071474149,62.8038222523976
2018,48,2018-11-30,"Taxes","Customs Duties and Related Taxes",5.211,55.076,6.5631348191566,69.3669570715542
2018,49,2018-12-07,"Taxes","Customs Duties and Related Taxes",0.549,55.625,0.691452891137397,70.0584099626916
2018,50,2018-12-14,"Taxes","Customs Duties and Related Taxes",0.916,56.541,1.15368096226203,71.2120909249536
2018,51,2018-12-21,"Taxes","Customs Duties and Related Taxes",0.741,57.282,0.93327248148053,72.1453634064342
2018,52,2018-12-28,"Taxes","Customs Duties and Related Taxes",4.492,61.774,5.65757083240289,77.8029342388371
2019,1,2019-12-31,"Taxes","Customs Duties and Related Taxes",0.724,0.724,0.89879686684337,0.89879686684337
2019,2,2019-01-11,"Taxes","Customs Duties and Related Taxes",0.653,1.377,0.810655185150167,1.70945205199354
2019,3,2019-01-18,"Taxes","Customs Duties and Related Taxes",0.812,2.189,1.00804289485748,2.71749494685102
2019,4,2019-01-25,"Taxes","Customs Duties and Related Taxes",4.63,6.819,5.74783079210608,8.4653257389571
2019,5,2019-02-01,"Taxes","Customs Duties and Related Taxes",1.007,7.826,1.25012216147966,9.71544790043676
2019,6,2019-02-08,"Taxes","Customs Duties and Related Taxes",0.706,8.532,0.876451088385938,10.5918989888227
2019,7,2019-02-15,"Taxes","Customs Duties and Related Taxes",0.634,9.166,0.787067974556211,11.3789669633789
2019,8,2019-02-22,"Taxes","Customs Duties and Related Taxes",0.539,9.705,0.669131921586432,12.0480988849653
2019,9,2019-03-01,"Taxes","Customs Duties and Related Taxes",4.709,14.414,5.84590393089148,17.8940028158568
2019,10,2019-03-08,"Taxes","Customs Duties and Related Taxes",0.631,15.045,0.783343678146639,18.6773464940035
2019,11,2019-03-15,"Taxes","Customs Duties and Related Taxes",0.558,15.603,0.692719132180388,19.3700656261838
2019,12,2019-03-22,"Taxes","Customs Duties and Related Taxes",4.144,19.747,5.14449477375542,24.5145603999393
2019,13,2019-03-29,"Taxes","Customs Duties and Related Taxes",0.548,20.295,0.680304810815148,25.1948652107544
2019,14,2019-04-05,"Taxes","Customs Duties and Related Taxes",0.484,20.779,0.600853154077612,25.795718364832
2019,15,2019-04-12,"Taxes","Customs Duties and Related Taxes",0.583,21.362,0.723754935593487,26.5194733004255
2019,16,2019-04-19,"Taxes","Customs Duties and Related Taxes",0.649,22.011,0.805689456604071,27.3251627570296
2019,17,2019-04-26,"Taxes","Customs Duties and Related Taxes",4.053,26.064,5.03152444933174,32.3566872063613
2019,18,2019-05-03,"Taxes","Customs Duties and Related Taxes",0.963,27.027,1.1954991474726,33.5521863538339
2019,19,2019-05-10,"Taxes","Customs Duties and Related Taxes",0.506,27.533,0.62816466108114,34.1803510149151
2019,20,2019-05-17,"Taxes","Customs Duties and Related Taxes",0.643,28.176,0.798240863784927,34.9785918787
2019,21,2019-05-24,"Taxes","Customs Duties and Related Taxes",4.146,32.322,5.14697763802847,40.1255695167285
2019,22,2019-05-31,"Taxes","Customs Duties and Related Taxes",0.509,32.831,0.631888957490712,40.7574584742192
2019,23,2019-06-07,"Taxes","Customs Duties and Related Taxes",0.535,33.366,0.664166193040336,41.4216246672595
2019,24,2019-06-14,"Taxes","Customs Duties and Related Taxes",0.716,34.082,0.888865409751178,42.3104900770107
2019,25,2019-06-21,"Taxes","Customs Duties and Related Taxes",0.678,34.76,0.841690988563267,43.152181065574
2019,26,2019-06-28,"Taxes","Customs Duties and Related Taxes",4.634,39.394,5.75279652065218,48.9049775862261
2019,27,2019-07-05,"Taxes","Customs Duties and Related Taxes",0.471,39.865,0.5847145363028,49.489692122529
2019,28,2019-07-12,"Taxes","Customs Duties and Related Taxes",0.714,40.579,0.88638254547813,50.3760746680071
2019,29,2019-07-19,"Taxes","Customs Duties and Related Taxes",0.796,41.375,0.988179980673098,51.3642546486802
2019,30,2019-07-26,"Taxes","Customs Duties and Related Taxes",5.176,46.551,6.42565273864818,57.7899073873284
2019,31,2019-08-02,"Taxes","Customs Duties and Related Taxes",1.096,47.647,1.3606096216303,59.1505170089587
2019,32,2019-08-09,"Taxes","Customs Duties and Related Taxes",0.599,48.246,0.743617849777871,59.8941348587365
2019,33,2019-08-16,"Taxes","Customs Duties and Related Taxes",0.699,48.945,0.867761063430271,60.7618959221668
2019,34,2019-08-23,"Taxes","Customs Duties and Related Taxes",5.762,54.707,7.15313197065124,67.915027892818
2019,35,2019-08-30,"Taxes","Customs Duties and Related Taxes",0.641,55.348,0.795757999511879,68.7107858923299
2019,36,2019-09-06,"Taxes","Customs Duties and Related Taxes",0.445,55.793,0.552437300753176,69.2632231930831
2019,37,2019-09-13,"Taxes","Customs Duties and Related Taxes",0.654,56.447,0.811896617286691,70.0751198103698
2019,38,2019-09-20,"Taxes","Customs Duties and Related Taxes",0.934,57.381,1.15949761551341,71.2346174258832
2019,39,2019-09-27,"Taxes","Customs Duties and Related Taxes",5.709,63.09,7.08733606741547,78.3219534932987
2019,40,2019-10-04,"Taxes","Customs Duties and Related Taxes",0.748,63.838,0.928591238119946,79.2505447314186
2019,41,2019-10-11,"Taxes","Customs Duties and Related Taxes",0.701,64.539,0.870243927703318,80.1207886591219
2019,42,2019-10-18,"Taxes","Customs Duties and Related Taxes",0.608,65.147,0.754790739006587,80.8755793981285
2019,43,2019-10-25,"Taxes","Customs Duties and Related Taxes",6.228,71.375,7.73163934627142,88.6072187443999
2019,44,2019-11-01,"Taxes","Customs Duties and Related Taxes",1,72.375,1.24143213652399,89.8486508809239
2019,45,2019-11-08,"Taxes","Customs Duties and Related Taxes",0.624,72.999,0.774653653190971,90.6233045341149
2019,46,2019-11-15,"Taxes","Customs Duties and Related Taxes",0.553,73.552,0.686511971497768,91.3098165056127
2019,47,2019-11-22,"Taxes","Customs Duties and Related Taxes",0.865,74.417,1.07383879809325,92.3836553037059
2019,48,2019-11-29,"Taxes","Customs Duties and Related Taxes",6.16,80.577,7.64722196098779,100.030877264694
2019,49,2019-12-06,"Taxes","Customs Duties and Related Taxes",0.611,81.188,0.758515035416159,100.78939230011
2019,50,2019-12-13,"Taxes","Customs Duties and Related Taxes",0.729,81.917,0.90500402752599,101.694396327636
2019,51,2019-12-20,"Taxes","Customs Duties and Related Taxes",0.751,82.668,0.932315534529518,102.626711862165
2019,52,2019-12-27,"Taxes","Customs Duties and Related Taxes",5.216,87.884,6.47531002410914,109.102021886275
2020,1,2020-01-03,"Taxes","Customs Duties and Related Taxes",0.229,0.229,0.281266876854754,0.281266876854754
2020,2,2020-01-10,"Taxes","Customs Duties and Related Taxes",0.546,0.775,0.670618841758496,0.95188571861325
2020,3,2020-01-17,"Taxes","Customs Duties and Related Taxes",0.714,1.489,0.876963100761111,1.82884881937436
2020,4,2020-01-24,"Taxes","Customs Duties and Related Taxes",5.529,7.018,6.79093695253247,8.61978577190683
2020,5,2020-01-31,"Taxes","Customs Duties and Related Taxes",1.005,8.023,1.23438083510492,9.85416660701175
2020,6,2020-02-07,"Taxes","Customs Duties and Related Taxes",0.828,8.851,1.01698241937003,10.8711490263818
2020,7,2020-02-14,"Taxes","Customs Duties and Related Taxes",0.697,9.548,0.856083026933465,11.7272320533152
2020,8,2020-02-21,"Taxes","Customs Duties and Related Taxes",0.562,10.11,0.690270675949222,12.4175027292645
2020,9,2020-02-28,"Taxes","Customs Duties and Related Taxes",5.781,15.891,7.10045334103639,19.5179560703009
2020,10,2020-03-06,"Taxes","Customs Duties and Related Taxes",0.55,16.441,0.675531800306178,20.193487870607
2020,11,2020-03-13,"Taxes","Customs Duties and Related Taxes",0.503,16.944,0.617804537370923,20.811292407978
2020,12,2020-03-20,"Taxes","Customs Duties and Related Taxes",0.534,17.478,0.655879966115453,21.4671723740934
2020,13,2020-03-27,"Taxes","Customs Duties and Related Taxes",4.208,21.686,5.16843239216072,26.6356047662541
2020,14,2020-04-03,"Taxes","Customs Duties and Related Taxes",0.479,22.165,0.588326786084835,27.223931552339
2020,15,2020-04-10,"Taxes","Customs Duties and Related Taxes",0.425,22.59,0.522001845691137,27.7459333980301
2020,16,2020-04-17,"Taxes","Customs Duties and Related Taxes",0.495,23.085,0.60797862027556,28.3539120183057
2020,17,2020-04-24,"Taxes","Customs Duties and Related Taxes",3.542,26.627,4.35042479397178,32.7043368122774
2020,18,2020-05-01,"Taxes","Customs Duties and Related Taxes",0.757,27.384,0.929777405148685,33.6341142174261
2020,19,2020-05-08,"Taxes","Customs Duties and Related Taxes",0.596,27.98,0.732030823604513,34.3661450410306
2020,20,2020-05-15,"Taxes","Customs Duties and Related Taxes",0.49,28.47,0.601837422090958,34.9679824631216
2020,21,2020-05-22,"Taxes","Customs Duties and Related Taxes",3.841,32.311,4.71766844541096,39.6856509085326
2020,22,2020-05-29,"Taxes","Customs Duties and Related Taxes",0.398,32.709,0.488839375494289,40.1744902840268
2020,23,2020-06-05,"Taxes","Customs Duties and Related Taxes",0.439,33.148,0.539197200608022,40.7136874846349
2020,24,2020-06-12,"Taxes","Customs Duties and Related Taxes",0.606,33.754,0.744313219973716,41.4580007046086
2020,25,2020-06-19,"Taxes","Customs Duties and Related Taxes",0.58,34.334,0.712378989413787,42.1703796940224
2020,26,2020-06-26,"Taxes","Customs Duties and Related Taxes",4.101,38.435,5.03701075101024,47.2073904450326
2020,27,2020-07-03,"Taxes","Customs Duties and Related Taxes",0.538,38.973,0.660792924663134,47.8681833696957
2020,28,2020-07-10,"Taxes","Customs Duties and Related Taxes",0.385,39.358,0.472872260214324,48.3410556299101
2020,29,2020-07-17,"Taxes","Customs Duties and Related Taxes",0.587,39.945,0.72097666687223,49.0620322967823
2020,30,2020-07-24,"Taxes","Customs Duties and Related Taxes",4.749,44.694,5.83291003573461,54.8949423325169
2020,31,2020-07-31,"Taxes","Customs Duties and Related Taxes",0.634,45.328,0.778703929807485,55.6736462623244
2020,32,2020-08-07,"Taxes","Customs Duties and Related Taxes",0.492,45.82,0.604293901364799,56.2779401636892
2020,33,2020-08-14,"Taxes","Customs Duties and Related Taxes",0.579,46.399,0.711150749776867,56.9890909134661
2020,34,2020-08-21,"Taxes","Customs Duties and Related Taxes",0.637,47.036,0.782388648718246,57.7714795621843
2020,35,2020-08-28,"Taxes","Customs Duties and Related Taxes",5.398,52.434,6.6300375600959,64.4015171222802
2020,36,2020-09-04,"Taxes","Customs Duties and Related Taxes",0.504,52.938,0.619032777007843,65.0205498992881
2020,37,2020-09-11,"Taxes","Customs Duties and Related Taxes",0.422,53.36,0.518317126780376,65.5388670260684
2020,38,2020-09-18,"Taxes","Customs Duties and Related Taxes",0.687,54.047,0.843800630564262,66.3826676566327
2020,39,2020-09-25,"Taxes","Customs Duties and Related Taxes",5.749,59.796,7.06114967265494,73.4438173292876
2020,40,2020-10-02,"Taxes","Customs Duties and Related Taxes",0.691,60.487,0.848713589111943,74.2925309183996
2020,41,2020-10-09,"Taxes","Customs Duties and Related Taxes",0.507,60.994,0.622717495918604,74.9152484143182
2020,42,2020-10-16,"Taxes","Customs Duties and Related Taxes",0.518,61.512,0.636228131924727,75.5514765462429
2020,43,2020-10-23,"Taxes","Customs Duties and Related Taxes",5.67,67.182,6.96411874133823,82.5155952875811
2020,44,2020-10-30,"Taxes","Customs Duties and Related Taxes",0.75,67.932,0.921179727690242,83.4367750152714
2020,45,2020-11-06,"Taxes","Customs Duties and Related Taxes",0.554,68.486,0.680444758853859,84.1172197741252
2020,46,2020-11-13,"Taxes","Customs Duties and Related Taxes",0.493,68.979,0.605522141001719,84.722741915127
2020,47,2020-11-20,"Taxes","Customs Duties and Related Taxes",0.629,69.608,0.772562731622883,85.4953046467499
2020,48,2020-11-27,"Taxes","Customs Duties and Related Taxes",5.776,75.384,7.09431214285179,92.5896167896016
2020,49,2020-12-04,"Taxes","Customs Duties and Related Taxes",0.566,75.95,0.695183634496903,93.2848004240985
2020,50,2020-12-11,"Taxes","Customs Duties and Related Taxes",0.557,76.507,0.68412947776462,93.9689299018632
2020,51,2020-12-18,"Taxes","Customs Duties and Related Taxes",0.751,77.258,0.922407967327163,94.8913378691903
2020,52,2020-12-24,"Taxes","Customs Duties and Related Taxes",5.33,82.588,6.54651726478532,101.437855133976
2020,53,2020-12-31,"Taxes","Customs Duties and Related Taxes",0.5,83.088,0.614119818460162,102.051974952436
2021,1,2021-01-08,"Taxes","Customs Duties and Related Taxes",0.48,0.48,0.564334456030945,0.564334456030945
2021,2,2021-01-15,"Taxes","Customs Duties and Related Taxes",0.609,1.089,0.715999341089262,1.28033379712021
2021,3,2021-01-22,"Taxes","Customs Duties and Related Taxes",0.576,1.665,0.677201347237134,1.95753514435734
2021,4,2021-01-29,"Taxes","Customs Duties and Related Taxes",5.552,7.217,6.5274685414246,8.48500368578194
2021,5,2021-02-05,"Taxes","Customs Duties and Related Taxes",0.644,7.861,0.757148728508185,9.24215241429013
2021,6,2021-02-12,"Taxes","Customs Duties and Related Taxes",0.625,8.486,0.734810489623627,9.97696290391375
2021,7,2021-02-19,"Taxes","Customs Duties and Related Taxes",0.592,9.078,0.696012495771499,10.6729753996853
2021,8,2021-02-26,"Taxes","Customs Duties and Related Taxes",5.701,14.779,6.70264736215087,17.3756227618361
2021,9,2021-03-05,"Taxes","Customs Duties and Related Taxes",0.615,15.394,0.723053521789649,18.0986762836258
2021,10,2021-03-12,"Taxes","Customs Duties and Related Taxes",0.607,16.001,0.713647947522466,18.8123242311482
2021,11,2021-03-19,"Taxes","Customs Duties and Related Taxes",0.729,16.73,0.857082955096998,19.6694071862452
2021,12,2021-03-26,"Taxes","Customs Duties and Related Taxes",5.31,22.04,6.24294991984233,25.9123571060876
2021,13,2021-04-02,"Taxes","Customs Duties and Related Taxes",0.577,22.617,0.678377044020532,26.5907341501081
2021,14,2021-04-09,"Taxes","Customs Duties and Related Taxes",0.539,23.156,0.633700566251416,27.2244347163595
2021,15,2021-04-16,"Taxes","Customs Duties and Related Taxes",0.624,23.78,0.733634792840229,27.9580695091997
2021,16,2021-04-23,"Taxes","Customs Duties and Related Taxes",6.414,30.194,7.54091916871351,35.4989886779133
2021,17,2021-04-30,"Taxes","Customs Duties and Related Taxes",0.716,30.91,0.841798896912827,36.3407875748261
2021,18,2021-05-07,"Taxes","Customs Duties and Related Taxes",0.55,31.46,0.646633230868792,36.9874208056949
2021,19,2021-05-14,"Taxes","Customs Duties and Related Taxes",0.607,32.067,0.713647947522466,37.7010687532173
2021,20,2021-05-21,"Taxes","Customs Duties and Related Taxes",0.743,32.81,0.873542710064567,38.5746114632819
2021,21,2021-05-28,"Taxes","Customs Duties and Related Taxes",5.954,38.764,7.00009864835052,45.5747101116324
2021,22,2021-06-04,"Taxes","Customs Duties and Related Taxes",0.455,39.219,0.534942036446,46.1096521480784
2021,23,2021-06-11,"Taxes","Customs Duties and Related Taxes",0.559,39.778,0.657214501919372,46.7668666499978
2021,24,2021-06-18,"Taxes","Customs Duties and Related Taxes",0.947,40.725,1.11338485387772,47.8802515038755
2021,25,2021-06-25,"Taxes","Customs Duties and Related Taxes",6.224,46.949,7.31753677986792,55.1977882837434
2021,26,2021-07-02,"Taxes","Customs Duties and Related Taxes",0.662,47.611,0.778311270609345,55.9760995543528
2021,27,2021-07-09,"Taxes","Customs Duties and Related Taxes",0.481,48.092,0.565510152814343,56.5416097071671
2021,28,2021-07-16,"Taxes","Customs Duties and Related Taxes",0.744,48.836,0.874718406847965,57.4163281140151
2021,29,2021-07-23,"Taxes","Customs Duties and Related Taxes",6.461,55.297,7.5961769175332,65.0125050315483
2021,30,2021-07-30,"Taxes","Customs Duties and Related Taxes",0.938,56.235,1.10280358282714,66.1153086143754
2021,31,2021-08-06,"Taxes","Customs Duties and Related Taxes",0.648,56.883,0.761851515641776,66.8771601300172
2021,32,2021-08-13,"Taxes","Customs Duties and Related Taxes",0.723,57.606,0.850028774396611,67.7271889044138
2021,33,2021-08-20,"Taxes","Customs Duties and Related Taxes",0.81,58.416,0.95231439455222,68.679503298966
2021,34,2021-08-27,"Taxes","Customs Duties and Related Taxes",6.383,64.799,7.50447256842817,76.1839758673942
2021,35,2021-09-03,"Taxes","Customs Duties and Related Taxes",0.598,65.397,0.703066676471886,76.8870425438661
2021,36,2021-09-10,"Taxes","Customs Duties and Related Taxes",0.475,65.872,0.558455972113956,77.4454985159801
2021,37,2021-09-17,"Taxes","Customs Duties and Related Taxes",0.699,66.571,0.821812051595064,78.2673105675751
2021,38,2021-09-24,"Taxes","Customs Duties and Related Taxes",7.098,73.669,8.3450957685576,86.6124063361327
2021,39,2021-10-01,"Taxes","Customs Duties and Related Taxes",0.922,74.591,1.08399243429277,87.6963987704255
2021,40,2021-10-08,"Taxes","Customs Duties and Related Taxes",0.631,75.222,0.741864670324013,88.4382634407495
2021,41,2021-10-15,"Taxes","Customs Duties and Related Taxes",0.508,75.73,0.597253965966084,89.0355174067156
2021,42,2021-10-22,"Taxes","Customs Duties and Related Taxes",0.794,76.524,0.933503246017855,89.9690206527335
2021,43,2021-10-29,"Taxes","Customs Duties and Related Taxes",7.056,83.58,8.2957165036549,98.2647371563883
2021,44,2021-11-05,"Taxes","Customs Duties and Related Taxes",0.666,84.246,0.783014057742937,99.0477512141313
2021,45,2021-11-12,"Taxes","Customs Duties and Related Taxes",0.569,84.815,0.66897146975335,99.7167226838846
2021,46,2021-11-19,"Taxes","Customs Duties and Related Taxes",0.824,85.639,0.968774149519789,100.685496833404
2021,47,2021-11-26,"Taxes","Customs Duties and Related Taxes",6.931,92.57,8.14875440573017,108.834251239135
2021,48,2021-12-03,"Taxes","Customs Duties and Related Taxes",0.764,93.334,0.898232342515921,109.732483581651
2021,49,2021-12-10,"Taxes","Customs Duties and Related Taxes",0.69,94.024,0.811230780544484,110.543714362195
2021,50,2021-12-17,"Taxes","Customs Duties and Related Taxes",0.837,94.861,0.984058207703961,111.527772569899
2021,51,2021-12-24,"Taxes","Customs Duties and Related Taxes",6.988,101.849,8.21576912238385,119.743541692283
2021,52,2021-12-31,"Taxes","Customs Duties and Related Taxes",0.612,102.461,0.719526431439455,120.463068123722
2022,1,2022-01-07,"Taxes","Customs Duties and Related Taxes",0.534,0.534,0.583055190533836,0.583055190533836
2022,2,2022-01-14,"Taxes","Customs Duties and Related Taxes",0.83,1.364,0.906246831728622,1.48930202226246
2022,3,2022-01-21,"Taxes","Customs Duties and Related Taxes",0.625,1.989,0.682414782928179,2.17171680519064
2022,4,2022-01-28,"Taxes","Customs Duties and Related Taxes",7.385,9.374,8.06341307507937,10.23512988027
2022,5,2022-02-04,"Taxes","Customs Duties and Related Taxes",0.942,10.316,1.02853556082935,11.2636654410994
2022,6,2022-02-11,"Taxes","Customs Duties and Related Taxes",0.683,10.999,0.745742874783914,12.0094083158833
2022,7,2022-02-18,"Taxes","Customs Duties and Related Taxes",0.846,11.845,0.923716650171584,12.9331249660549
2022,8,2022-02-25,"Taxes","Customs Duties and Related Taxes",7.105,18.95,7.75769125232754,20.6908162183824
2022,9,2022-03-04,"Taxes","Customs Duties and Related Taxes",0.686,19.636,0.74901846574197,21.4398346841244
2022,10,2022-03-11,"Taxes","Customs Duties and Related Taxes",0.757,20.393,0.826540785082611,22.266375469207
2022,11,2022-03-18,"Taxes","Customs Duties and Related Taxes",0.921,21.314,1.00560642412297,23.2719818933299
2022,12,2022-03-25,"Taxes","Customs Duties and Related Taxes",6.714,28.028,7.33077256412767,30.6027544574576
2022,13,2022-04-01,"Taxes","Customs Duties and Related Taxes",0.708,28.736,0.773039466101042,31.3757939235587
2022,14,2022-04-08,"Taxes","Customs Duties and Related Taxes",0.695,29.431,0.758845238616136,32.1346391621748
2022,15,2022-04-15,"Taxes","Customs Duties and Related Taxes",0.757,30.188,0.826540785082611,32.9611799472574
2022,16,2022-04-22,"Taxes","Customs Duties and Related Taxes",7.884,38.072,8.60825303776923,41.5694329850266
2022,17,2022-04-29,"Taxes","Customs Duties and Related Taxes",1.075,39.147,1.17375342663647,42.7431864116631
2022,18,2022-05-06,"Taxes","Customs Duties and Related Taxes",0.701,39.848,0.765396420532246,43.5085828321953
2022,19,2022-05-13,"Taxes","Customs Duties and Related Taxes",0.734,40.582,0.801427921070854,44.3100107532662
2022,20,2022-05-20,"Taxes","Customs Duties and Related Taxes",0.838,41.42,0.914981740950103,45.2249924942163
2022,21,2022-05-27,"Taxes","Customs Duties and Related Taxes",7.222,48.642,7.8854392996917,53.110431793908
2022,22,2022-06-03,"Taxes","Customs Duties and Related Taxes",0.476,49.118,0.519727098678101,53.6301588925861
2022,23,2022-06-10,"Taxes","Customs Duties and Related Taxes",0.631,49.749,0.68896596484429,54.3191248574304
2022,24,2022-06-17,"Taxes","Customs Duties and Related Taxes",0.973,50.722,1.06238333406259,55.381508191493
2022,25,2022-06-24,"Taxes","Customs Duties and Related Taxes",7.279,58.001,7.94767552789475,63.3291837193877
2022,26,2022-07-01,"Taxes","Customs Duties and Related Taxes",0.778,58.779,0.849469921788998,64.1786536411767
2022,27,2022-07-08,"Taxes","Customs Duties and Related Taxes",0.681,59.46,0.743559147478544,64.9222127886553
2022,28,2022-07-15,"Taxes","Customs Duties and Related Taxes",0.766,60.226,0.836367557956777,65.758580346612
2022,29,2022-07-22,"Taxes","Customs Duties and Related Taxes",0.932,61.158,1.0176169243025,66.7761972709146
2022,30,2022-07-29,"Taxes","Customs Duties and Related Taxes",7.769,68.927,8.48268871771044,75.258885988625
2022,31,2022-08-05,"Taxes","Customs Duties and Related Taxes",0.7,69.627,0.764304556879561,76.0231905455045
2022,32,2022-08-12,"Taxes","Customs Duties and Related Taxes",0.796,70.423,0.869123467537329,76.8923140130419
2022,33,2022-08-19,"Taxes","Customs Duties and Related Taxes",0.832,71.255,0.908430559033992,77.8007445720759
2022,34,2022-08-26,"Taxes","Customs Duties and Related Taxes",7.343,78.598,8.01755480166659,85.8182993737425
2022,35,2022-09-02,"Taxes","Customs Duties and Related Taxes",0.713,79.311,0.778498784364467,86.5967981581069
2022,36,2022-09-09,"Taxes","Customs Duties and Related Taxes",0.493,79.804,0.538288780773748,87.1350869388807
2022,37,2022-09-16,"Taxes","Customs Duties and Related Taxes",0.773,80.577,0.844010603525572,87.9790975424063
2022,38,2022-09-23,"Taxes","Customs Duties and Related Taxes",8.059,88.636,8.79932917698912,96.7784267193954
2022,39,2022-09-30,"Taxes","Customs Duties and Related Taxes",0.828,89.464,0.904063104423252,97.6824898238186
2022,40,2022-10-07,"Taxes","Customs Duties and Related Taxes",0.648,90.112,0.707527646939936,98.3900174707586
2022,41,2022-10-14,"Taxes","Customs Duties and Related Taxes",0.532,90.644,0.580871463228466,98.970888933987
2022,42,2022-10-21,"Taxes","Customs Duties and Related Taxes",0.814,91.458,0.888777013285661,99.8596659472727
2022,43,2022-10-28,"Taxes","Customs Duties and Related Taxes",7.222,98.68,7.8854392996917,107.745105246964
2022,44,2022-11-04,"Taxes","Customs Duties and Related Taxes",0.886,99.566,0.967391196278987,108.712496443243
2022,45,2022-11-10,"Taxes","Customs Duties and Related Taxes",0.465,100.031,0.507716598498565,109.220213041742
2022,46,2022-11-18,"Taxes","Customs Duties and Related Taxes",0.819,100.85,0.894236331549086,110.114449373291
2022,47,2022-11-25,"Taxes","Customs Duties and Related Taxes",6.494,107.344,7.09056256053695,117.205011933828
2022,48,2022-12-02,"Taxes","Customs Duties and Related Taxes",0.716,108.06,0.781774375322522,117.986786309151
2022,49,2022-12-09,"Taxes","Customs Duties and Related Taxes",0.628,108.688,0.685690373886235,118.672476683037
2022,50,2022-12-16,"Taxes","Customs Duties and Related Taxes",0.665,109.353,0.726089329035583,119.398566012072
2022,51,2022-12-23,"Taxes","Customs Duties and Related Taxes",6.02,115.373,6.57301918916422,125.971585201237
2022,52,2022-12-30,"Taxes","Customs Duties and Related Taxes",0.545,115.918,0.595065690713372,126.56665089195
2023,1,2023-01-06,"Taxes","Customs Duties and Related Taxes",0.471,0.471,0.495088778039256,0.495088778039256
2023,2,2023-01-13,"Taxes","Customs Duties and Related Taxes",0.612,1.083,0.643300068280307,1.13838884631956
2023,3,2023-01-20,"Taxes","Customs Duties and Related Taxes",0.664,1.747,0.697959551206085,1.83634839752565
2023,4,2023-01-27,"Taxes","Customs Duties and Related Taxes",6.02,7.767,6.32788629256119,8.16423469008684
2023,5,2023-02-03,"Taxes","Customs Duties and Related Taxes",0.96,8.727,1.00909814632205,9.17333283640889
2023,6,2023-02-10,"Taxes","Customs Duties and Related Taxes",0.603,9.33,0.633839773158538,9.80717260956743
2023,7,2023-02-17,"Taxes","Customs Duties and Related Taxes",0.7,10.03,0.735800731693162,10.5429733412606
2023,8,2023-02-24,"Taxes","Customs Duties and Related Taxes",5.955,15.985,6.25956193890397,16.8025352801646
2023,9,2023-03-03,"Taxes","Customs Duties and Related Taxes",0.625,16.61,0.656964939011752,17.4595002191763
2023,10,2023-03-10,"Taxes","Customs Duties and Related Taxes",0.616,17.226,0.647504643889982,18.1070048630663
2023,11,2023-03-17,"Taxes","Customs Duties and Related Taxes",0.66,17.886,0.69375497559641,18.8007598386627
2023,12,2023-03-24,"Taxes","Customs Duties and Related Taxes",5.254,23.14,5.52271006330839,24.3234699019711
2023,13,2023-03-31,"Taxes","Customs Duties and Related Taxes",0.588,23.728,0.618072614622256,24.9415425165933
2023,14,2023-04-07,"Taxes","Customs Duties and Related Taxes",0.527,24.255,0.553952836574709,25.4954953531681
2023,15,2023-04-14,"Taxes","Customs Duties and Related Taxes",0.652,24.907,0.685345824377059,26.1808411775451
2023,16,2023-04-21,"Taxes","Customs Duties and Related Taxes",0.719,25.626,0.755772465839119,26.9366136433842
2023,17,2023-04-28,"Taxes","Customs Duties and Related Taxes",5.766,31.392,6.06089574134681,32.997509384731
2023,18,2023-05-05,"Taxes","Customs Duties and Related Taxes",0.663,32.055,0.696908407303666,33.6944177920347
2023,19,2023-05-12,"Taxes","Customs Duties and Related Taxes",0.629,32.684,0.661169514621427,34.3555873066561
2023,20,2023-05-19,"Taxes","Customs Duties and Related Taxes",0.674,33.358,0.708470990230273,35.0640582968864
2023,21,2023-05-26,"Taxes","Customs Duties and Related Taxes",5.63,38.988,5.91794017061786,40.9819984675043
2023,22,2023-06-02,"Taxes","Customs Duties and Related Taxes",0.427,39.415,0.448838446332829,41.4308369138371
2023,23,2023-06-09,"Taxes","Customs Duties and Related Taxes",0.539,39.954,0.566566563403735,41.9974034772408
2023,24,2023-06-16,"Taxes","Customs Duties and Related Taxes",0.759,40.713,0.797818221935871,42.7952216991767
2023,25,2023-06-23,"Taxes","Customs Duties and Related Taxes",5.765,46.478,6.0598445974444,48.8550662966211
2023,26,2023-06-30,"Taxes","Customs Duties and Related Taxes",0.646,47.124,0.679038960962546,49.5341052575836
2023,27,2023-07-07,"Taxes","Customs Duties and Related Taxes",0.521,47.645,0.547645973160196,50.0817512307438
2023,28,2023-07-14,"Taxes","Customs Duties and Related Taxes",0.674,48.319,0.708470990230273,50.7902222209741
2023,29,2023-07-21,"Taxes","Customs Duties and Related Taxes",0.784,49.103,0.824096819496341,51.6143190404705
2023,30,2023-07-28,"Taxes","Customs Duties and Related Taxes",5.946,55.049,6.2501016437822,57.8644206842527
2023,31,2023-08-04,"Taxes","Customs Duties and Related Taxes",0.79,55.839,0.830403682910854,58.6948243671635
2023,32,2023-08-11,"Taxes","Customs Duties and Related Taxes",0.56,56.399,0.588640585354529,59.283464952518
2023,33,2023-08-18,"Taxes","Customs Duties and Related Taxes",0.779,57.178,0.818841099984247,60.1023060525023
2023,34,2023-08-25,"Taxes","Customs Duties and Related Taxes",5.727,62.905,6.01990112915248,66.1222071816548
2023,35,2023-09-01,"Taxes","Customs Duties and Related Taxes",0.6,63.505,0.630686341451281,66.752893523106
2023,36,2023-09-08,"Taxes","Customs Duties and Related Taxes",0.401,63.906,0.42150870486994,67.174402227976
2023,37,2023-09-15,"Taxes","Customs Duties and Related Taxes",0.653,64.559,0.686396968279478,67.8607991962555
2023,38,2023-09-22,"Taxes","Customs Duties and Related Taxes",0.918,65.477,0.964950102420461,68.8257492986759
2023,39,2023-09-29,"Taxes","Customs Duties and Related Taxes",6.009,71.486,6.31632370963458,75.1420730083105
2023,40,2023-10-06,"Taxes","Customs Duties and Related Taxes",0.571,72.057,0.600203168281136,75.7422761765916
2023,41,2023-10-13,"Taxes","Customs Duties and Related Taxes",0.471,72.528,0.495088778039256,76.2373649546309
2023,42,2023-10-20,"Taxes","Customs Duties and Related Taxes",0.799,73.327,0.839863978032623,77.0772289326635
2023,43,2023-10-27,"Taxes","Customs Duties and Related Taxes",5.867,79.194,6.16706127549111,83.2442902081546
2023,44,2023-11-03,"Taxes","Customs Duties and Related Taxes",0.76,79.954,0.79886936583829,84.0431595739929
2023,45,2023-11-10,"Taxes","Customs Duties and Related Taxes",0.533,80.487,0.560259699989222,84.6034192739821
2023,46,2023-11-17,"Taxes","Customs Duties and Related Taxes",0.566,81.053,0.594947448769042,85.1983667227512
2023,47,2023-11-24,"Taxes","Customs Duties and Related Taxes",5.676,86.729,5.96629279012912,91.1646595128803
2023,48,2023-12-01,"Taxes","Customs Duties and Related Taxes",0.631,87.36,0.663271802426264,91.8279313153066
2023,49,2023-12-08,"Taxes","Customs Duties and Related Taxes",0.576,87.936,0.60545888779323,92.4333902030998
2023,50,2023-12-15,"Taxes","Customs Duties and Related Taxes",0.624,88.56,0.655913795109333,93.0893039982091
2023,51,2023-12-22,"Taxes","Customs Duties and Related Taxes",5.392,93.952,5.66776792184218,98.7570719200513
2023,52,2023-12-29,"Taxes","Customs Duties and Related Taxes",0.512,94.464,0.538185678038427,99.2952575980897
2024,1,2024-12-31,"Taxes","Customs Duties and Related Taxes",0.832,0.832,0.852398072055197,0.852398072055197
2024,2,2024-01-12,"Taxes","Customs Duties and Related Taxes",0.618,1.45,0.633151452560231,1.48554952461543
2024,3,2024-01-19,"Taxes","Customs Duties and Related Taxes",0.654,2.104,0.670034061447234,2.15558358606266
2024,4,2024-01-26,"Taxes","Customs Duties and Related Taxes",5.394,7.498,5.52624423156939,7.68182781763205
2024,5,2024-02-02,"Taxes","Customs Duties and Related Taxes",1.112,8.61,1.139262807843,8.82109062547505
2024,6,2024-02-09,"Taxes","Customs Duties and Related Taxes",0.606,9.216,0.620857249597896,9.44194787507295
2024,7,2024-02-16,"Taxes","Customs Duties and Related Taxes",0.669,9.885,0.685401815150152,10.1273496902231
2024,8,2024-02-23,"Taxes","Customs Duties and Related Taxes",5.805,15.69,5.94732068302935,16.0746703732525
2024,9,2024-03-01,"Taxes","Customs Duties and Related Taxes",0.609,16.299,0.62393080033848,16.6986011735909
2024,10,2024-03-08,"Taxes","Customs Duties and Related Taxes",0.645,16.944,0.660813409225483,17.3594145828164
2024,11,2024-03-15,"Taxes","Customs Duties and Related Taxes",0.588,17.532,0.602415945154394,17.9618305279708
2024,12,2024-03-22,"Taxes","Customs Duties and Related Taxes",5.542,23.074,5.67787273477152,23.6397032627423
2024,13,2024-03-29,"Taxes","Customs Duties and Related Taxes",0.564,23.638,0.577827539229725,24.2175308019721
2024,14,2024-04-05,"Taxes","Customs Duties and Related Taxes",0.492,24.13,0.504062321455717,24.7215931234278
2024,15,2024-04-12,"Taxes","Customs Duties and Related Taxes",0.611,24.741,0.625979834165535,25.3475729575933
2024,16,2024-04-19,"Taxes","Customs Duties and Related Taxes",0.689,25.43,0.70589215342071,26.053465111014
2024,17,2024-04-26,"Taxes","Customs Duties and Related Taxes",5.401,30.831,5.53341584996409,31.5868809609781
2024,18,2024-05-03,"Taxes","Customs Duties and Related Taxes",1.075,31.906,1.10135568204247,32.6882366430206
2024,19,2024-05-10,"Taxes","Customs Duties and Related Taxes",0.523,32.429,0.535822345775082,33.2240589887957
2024,20,2024-05-17,"Taxes","Customs Duties and Related Taxes",0.705,33.134,0.722284424037156,33.9463434128328
2024,21,2024-05-24,"Taxes","Customs Duties and Related Taxes",5.449,38.583,5.58259266181342,39.5289360746462
2024,22,2024-05-31,"Taxes","Customs Duties and Related Taxes",0.511,39.094,0.523528142812747,40.052464217459
2024,23,2024-06-07,"Taxes","Customs Duties and Related Taxes",0.536,39.63,0.549141065650944,40.6016052831099
2024,24,2024-06-14,"Taxes","Customs Duties and Related Taxes",0.715,40.345,0.732529593172435,41.3341348762824
2024,25,2024-06-21,"Taxes","Customs Duties and Related Taxes",0.559,40.904,0.572704954662086,41.9068398309444
2024,26,2024-06-28,"Taxes","Customs Duties and Related Taxes",5.754,46.658,5.89507032043943,47.8019101513839
2024,27,2024-07-05,"Taxes","Customs Duties and Related Taxes",0.544,47.202,0.557337200959167,48.359247352343
2024,28,2024-07-12,"Taxes","Customs Duties and Related Taxes",0.657,47.859,0.673107612187818,49.0323549645309
2024,29,2024-07-19,"Taxes","Customs Duties and Related Taxes",0.814,48.673,0.833956767611695,49.8663117321426
2024,30,2024-07-26,"Taxes","Customs Duties and Related Taxes",5.829,54.502,5.97190908895402,55.8382208210966
2024,31,2024-08-02,"Taxes","Customs Duties and Related Taxes",1.094,55.596,1.1208215033995,56.9590423244961
2024,32,2024-08-09,"Taxes","Customs Duties and Related Taxes",0.708,56.304,0.72535797477774,57.6844002992738
2024,33,2024-08-16,"Taxes","Customs Duties and Related Taxes",0.713,57.017,0.730480559345379,58.4148808586192
2024,34,2024-08-23,"Taxes","Customs Duties and Related Taxes",6.551,63.568,6.71161030052115,65.1264911591403
2024,35,2024-08-30,"Taxes","Customs Duties and Related Taxes",0.657,64.225,0.673107612187818,65.7995987713281
2024,36,2024-09-06,"Taxes","Customs Duties and Related Taxes",0.448,64.673,0.458983577260491,66.2585823485886
2024,37,2024-09-13,"Taxes","Customs Duties and Related Taxes",0.679,65.352,0.695646984285431,66.9542293328741
2024,38,2024-09-20,"Taxes","Customs Duties and Related Taxes",0.983,66.335,1.00710012599791,67.961329458872
2024,39,2024-09-27,"Taxes","Customs Duties and Related Taxes",6.532,72.867,6.69214447916412,74.6534739380361
2024,40,2024-10-04,"Taxes","Customs Duties and Related Taxes",0.647,73.514,0.662862443052539,75.3163363810886
2024,41,2024-10-11,"Taxes","Customs Duties and Related Taxes",0.587,74.101,0.601391428240866,75.9177278093295
2024,42,2024-10-18,"Taxes","Customs Duties and Related Taxes",0.548,74.649,0.561435268613279,76.4791630779428
2024,43,2024-10-25,"Taxes","Customs Duties and Related Taxes",6.469,81.118,6.62759991361186,83.1067629915546
2024,44,2024-11-01,"Taxes","Customs Duties and Related Taxes",1.005,82.123,1.02963949809552,84.1364024896502
2024,45,2024-11-08,"Taxes","Customs Duties and Related Taxes",0.628,82.751,0.643396621695509,84.7797991113457
2024,46,2024-11-15,"Taxes","Customs Duties and Related Taxes",0.557,83.308,0.57065592083503,85.3504550321807
2024,47,2024-11-22,"Taxes","Customs Duties and Related Taxes",0.768,84.076,0.786828989589413,86.1372840217701
2024,48,2024-11-29,"Taxes","Customs Duties and Related Taxes",6.288,90.364,6.44216235226332,92.5794463740335
2024,49,2024-12-06,"Taxes","Customs Duties and Related Taxes",0.587,90.951,0.601391428240866,93.1808378022743
2024,50,2024-12-13,"Taxes","Customs Duties and Related Taxes",0.75,91.701,0.768387685145911,93.9492254874202
2024,51,2024-12-20,"Taxes","Customs Duties and Related Taxes",0.828,92.529,0.848300004401085,94.7975254918213
2024,52,2024-12-27,"Taxes","Customs Duties and Related Taxes",5.766,98.295,5.90736452340176,100.704890015223
2025,1,2025-12-31,"Taxes","Customs Duties and Related Taxes",1.184,1.184,1.184,1.184
2025,2,2025-01-10,"Taxes","Customs Duties and Related Taxes",0.59,1.774,0.59,1.774
2025,3,2025-01-17,"Taxes","Customs Duties and Related Taxes",0.71,2.484,0.71,2.484
2025,4,2025-01-24,"Taxes","Customs Duties and Related Taxes",0.754,3.238,0.754,3.238
2025,5,2025-01-31,"Taxes","Customs Duties and Related Taxes",6.677,9.915,6.677,9.915
2025,6,2025-02-07,"Taxes","Customs Duties and Related Taxes",0.844,10.759,0.844,10.759
2025,7,2025-02-14,"Taxes","Customs Duties and Related Taxes",0.709,11.468,0.709,11.468
2025,8,2025-02-21,"Taxes","Customs Duties and Related Taxes",0.631,12.099,0.631,12.099
2025,9,2025-02-28,"Taxes","Customs Duties and Related Taxes",6.75,18.849,6.75,18.849
2025,10,2025-03-07,"Taxes","Customs Duties and Related Taxes",0.737,19.586,0.737,19.586
2025,11,2025-03-14,"Taxes","Customs Duties and Related Taxes",0.766,20.352,0.766,20.352
2025,12,2025-03-21,"Taxes","Customs Duties and Related Taxes",1.147,21.499,1.147,21.499
2025,13,2025-03-28,"Taxes","Customs Duties and Related Taxes",6.763,28.262,6.763,28.262
2025,14,2025-04-04,"Taxes","Customs Duties and Related Taxes",0.961,29.223,0.961,29.223
2025,15,2025-04-11,"Taxes","Customs Duties and Related Taxes",1.035,30.258,1.035,30.258
2025,16,2025-04-18,"Taxes","Customs Duties and Related Taxes",1.609,31.867,1.609,31.867
2025,17,2025-04-25,"Taxes","Customs Duties and Related Taxes",12.743,44.61,12.743,44.61
2025,18,2025-05-02,"Taxes","Customs Duties and Related Taxes",1.902,46.512,1.902,46.512
2025,19,2025-05-09,"Taxes","Customs Duties and Related Taxes",1.37,47.882,1.37,47.882
2025,20,2025-05-16,"Taxes","Customs Duties and Related Taxes",1.533,49.415,1.533,49.415
2025,21,2025-05-23,"Taxes","Customs Duties and Related Taxes",19.114,68.529,19.114,68.529
2025,22,2025-05-30,"Taxes","Customs Duties and Related Taxes",1.34,69.869,1.34,69.869
2025,23,2025-06-06,"Taxes","Customs Duties and Related Taxes",1.574,71.443,1.574,71.443
2025,24,2025-06-13,"Taxes","Customs Duties and Related Taxes",1.802,73.245,1.802,73.245
2025,25,2025-06-20,"Taxes","Customs Duties and Related Taxes",2.742,75.987,2.742,75.987
2025,26,2025-06-27,"Taxes","Customs Duties and Related Taxes",21.543,97.53,21.543,97.53
2025,27,2025-07-03,"Taxes","Customs Duties and Related Taxes",1.585,99.115,1.585,99.115
2025,28,2025-07-11,"Taxes","Customs Duties and Related Taxes",1.797,100.912,1.797,100.912
2025,29,2025-07-18,"Taxes","Customs Duties and Related Taxes",3.418,104.33,3.418,104.33
2025,30,2025-07-25,"Taxes","Customs Duties and Related Taxes",21.362,125.692,21.362,125.692
2025,31,2025-08-01,"Taxes","Customs Duties and Related Taxes",2.272,127.964,2.272,127.964
2025,32,2025-08-08,"Taxes","Customs Duties and Related Taxes",1.813,129.777,1.813,129.777
2025,33,2025-08-15,"Taxes","Customs Duties and Related Taxes",2.002,131.779,2.002,131.779
2025,34,2025-08-22,"Taxes","Customs Duties and Related Taxes",25.379,157.158,25.379,157.158
2025,35,2025-08-29,"Taxes","Customs Duties and Related Taxes",1.732,158.89,1.732,158.89
2025,36,2025-09-05,"Taxes","Customs Duties and Related Taxes",1.384,160.274,1.384,160.274
2025,37,2025-09-12,"Taxes","Customs Duties and Related Taxes",1.927,162.201,1.927,162.201
2025,38,2025-09-19,"Taxes","Customs Duties and Related Taxes",3.411,165.612,3.411,165.612
2025,39,2025-09-26,"Taxes","Customs Duties and Related Taxes",24.057,189.669,24.057,189.669
2025,40,2025-10-03,"Taxes","Customs Duties and Related Taxes",1.974,191.643,1.974,191.643
2025,41,2025-10-10,"Taxes","Customs Duties and Related Taxes",1.909,193.552,1.909,193.552
2025,42,2025-10-17,"Taxes","Customs Duties and Related Taxes",1.729,195.281,1.729,195.281
2025,43,2025-10-24,"Taxes","Customs Duties and Related Taxes",27.027,222.308,27.027,222.308
2025,44,2025-10-31,"Taxes","Customs Duties and Related Taxes",2.503,224.811,2.503,224.811
2025,45,2025-11-07,"Taxes","Customs Duties and Related Taxes",2.038,226.849,2.038,226.849
2025,46,2025-11-14,"Taxes","Customs Duties and Related Taxes",1.665,228.514,1.665,228.514
2025,47,2025-11-21,"Taxes","Customs Duties and Related Taxes",2.993,231.507,2.993,231.507
2025,48,2025-11-28,"Taxes","Customs Duties and Related Taxes",26.17,257.677,26.17,257.677
2025,49,2025-12-05,"Taxes","Customs Duties and Related Taxes",1.829,259.506,1.829,259.506
2025,50,2025-12-12,"Taxes","Customs Duties and Related Taxes",2.126,261.632,2.126,261.632
2025,51,2025-12-19,"Taxes","Customs Duties and Related Taxes",3.43,265.062,3.43,265.062
2025,52,2025-12-26,"Taxes","Customs Duties and Related Taxes",22.041,287.103,22.041,287.103
2026,1,2026-01-02,"Taxes","Customs Duties and Related Taxes",0.385,0.385,0.385,0.385
2026,2,2026-01-09,"Taxes","Customs Duties and Related Taxes",1.659,2.044,1.659,2.044
2026,3,2026-01-16,"Taxes","Customs Duties and Related Taxes",2.098,4.142,2.098,4.142
2026,4,2026-01-23,"Taxes","Customs Duties and Related Taxes",2.799,6.941,2.799,6.941
2026,5,2026-01-30,"Taxes","Customs Duties and Related Taxes",23.526,30.467,23.526,30.467
2026,6,2026-02-06,"Taxes","Customs Duties and Related Taxes",2.123,32.59,2.123,32.59
2026,7,2026-02-13,"Taxes","Customs Duties and Related Taxes",1.871,34.461,1.871,34.461
2026,8,2026-02-20,"Taxes","Customs Duties and Related Taxes",2.23,36.691,2.23,36.691
2026,9,2026-02-27,"Taxes","Customs Duties and Related Taxes",22.39,59.081,22.39,59.081
